Date,Close,MA50,MA200,Volatility
2019-04-02,3200.0,2859.78,3249.125,160.78422751032426
2019-04-03,3195.0,2880.02,3238.6,147.611232167707
2019-04-04,3150.0,2899.82,3229.8,132.82412535327225
2019-04-05,3140.0,2920.56,3221.45,123.22346768576774
2019-04-08,3215.0,2940.86,3214.775,122.69671046372999
2019-04-09,3335.0,2961.3,3210.1,123.76342374656157
2019-04-10,3325.0,2982.08,3204.0,125.01091906332488
2019-04-11,3280.0,3002.2,3196.85,121.0685186450063
2019-04-12,3200.0,3023.28,3189.475,119.68589158158049
2019-04-15,3375.0,3044.76,3183.675,122.06614468459547
2019-04-16,3420.0,3065.36,3178.075,125.68216161065224
2019-04-17,3380.0,3085.86,3172.775,127.07010012126086
2019-04-18,3245.0,3104.9,3167.025,123.39416797261876
2019-04-19,3195.0,3123.86,3161.55,122.78380214411509
2019-04-22,3150.0,3140.42,3156.175,121.35963463829277
2019-04-23,3140.0,3154.12,3149.625,120.31340778131798
2019-04-24,3275.0,3169.1,3143.225,120.26120995852875
2019-04-25,3410.0,3184.88,3137.925,117.04503505012384
2019-04-26,3435.0,3196.94,3132.8,113.36658572357351
2019-05-07,3480.0,3209.72,3128.15,112.58317487248014
2019-05-08,3450.0,3221.82,3123.35,114.57179147721511
2019-05-09,3430.0,3233.64,3118.875,112.49061263516204
2019-05-10,3230.0,3241.36,3113.075,108.33961078187149
2019-05-13,3015.0,3243.1,3105.175,119.21004354817686
2019-05-14,2864.0,3237.48,3095.495,141.6139685622631
2019-05-15,2969.0,3230.86,3086.165,150.74520255037527
2019-05-16,2960.0,3224.56,3077.24,158.60206837224317
2019-05-17,2962.0,3223.1,3068.175,164.6574465751348
2019-05-20,2923.0,3219.16,3059.99,171.25639848773014
2019-05-21,2889.0,3213.94,3051.01,181.1960930537156
2019-05-22,2932.0,3205.98,3042.07,188.07490865175916
2019-05-23,2838.0,3195.94,3032.71,199.2940875523734
2019-05-24,2779.0,3183.62,3023.48,212.73119674595284
2019-05-27,2867.0,3174.96,3014.99,219.98222498725804
2019-05-28,3040.0,3173.76,3007.19,220.94525509077184
2019-05-29,3100.0,3173.66,3000.165,218.67247328987813
2019-05-30,3050.0,3171.06,2992.415,216.92437635607277
2019-05-31,3200.0,3174.86,2985.315,215.66726447357996
2019-06-03,3135.0,3177.36,2977.315,215.37104043364582
2019-06-04,2926.0,3175.08,2970.82,213.92481491585187
2019-06-05,3050.0,3173.08,2966.495,206.75514142518202
2019-06-06,2912.0,3169.22,2961.73,203.35792860480433
2019-06-07,2793.0,3162.68,2956.795,208.5419801173479
2019-06-10,2915.0,3156.68,2952.395,209.4797304544388
2019-06-11,3050.0,3153.78,2948.47,208.96826190299473
2019-06-12,3140.0,3148.68,2945.52,208.96826190299473
2019-06-13,3060.0,3141.98,2942.245,205.25320499548727
2019-06-14,3060.0,3135.28,2939.22,194.33773185613876
2019-06-17,2994.0,3127.16,2936.79,180.26067012912802
2019-06-18,2982.0,3121.2,2934.0,159.4832351654888
2019-06-19,3060.0,3118.4,2931.325,137.3432858239513
2019-06-20,3030.0,3115.1,2928.925,111.57681236471728
2019-06-21,2858.0,3109.26,2925.49,104.52905332253722
2019-06-24,2901.0,3104.48,2922.095,105.22372989650873
2019-06-25,2900.0,3098.18,2918.095,104.1179978258536
2019-06-26,2800.0,3087.48,2913.845,108.95978378630676
2019-06-27,2882.0,3078.62,2909.53,110.13584088876773
2019-06-28,2858.0,3070.18,2905.37,111.94017285519385
2019-07-01,2940.0,3064.98,2903.195,111.76766233946064
2019-07-02,2929.0,3056.06,2901.665,111.0698703157347
2019-07-03,2868.0,3045.02,2900.23,112.35330665913435
2019-07-04,2905.0,3035.52,2898.855,110.41355905407909
2019-07-05,2926.0,3029.14,2897.785,104.94907905933427
2019-07-08,2885.0,3022.94,2896.835,104.38373612692826
2019-07-09,2897.0,3017.88,2895.945,104.41915973393166
2019-07-10,2862.0,3012.32,2894.88,102.98675285864653
2019-07-11,2832.0,3003.46,2892.965,104.02530638174649
2019-07-12,2808.0,2991.42,2889.43,96.07202757701523
2019-07-16,2814.0,2979.0,2885.8,91.19564039791801
2019-07-17,2826.0,2965.92,2882.68,93.07567678612699
2019-07-18,2678.0,2950.48,2878.82,100.28892170171216
2019-07-19,2791.0,2937.7,2875.125,102.70000951325754
2019-07-22,2821.0,2929.52,2870.98,101.74035015948644
2019-07-23,2791.0,2925.04,2866.46,103.98505639765358
2019-07-24,2814.0,2924.04,2861.755,101.52999669991759
2019-07-25,2855.0,2921.76,2857.98,90.7796435229901
2019-07-26,2887.0,2920.3,2854.79,84.74236818450079
2019-07-29,2884.0,2918.74,2850.71,77.78703612110446
2019-07-30,2918.0,2918.64,2846.8,74.99682751911114
2019-07-31,2931.0,2919.48,2843.855,73.00172411757278
2019-08-01,2957.0,2919.98,2841.04,65.91893314615098
2019-08-02,2939.0,2922.0,2839.26,60.05266845449952
2019-08-05,2902.0,2924.46,2837.42,60.40618260204839
2019-08-06,2855.0,2924.22,2835.97,60.08848838822544
2019-08-07,2882.0,2921.06,2834.105,59.81793257436737
2019-08-08,2951.0,2918.08,2833.06,60.546135159553316
2019-08-09,2693.0,2910.94,2830.875,68.51939066098022
2019-08-13,2420.0,2895.34,2827.0,106.06509062022343
2019-08-14,2558.0,2883.8,2824.04,117.08396142507686
2019-08-15,2515.0,2875.58,2821.04,129.48201401748204
2019-08-16,2492.0,2864.42,2818.025,142.4416355572708
2019-08-19,2561.0,2857.4,2815.405,148.22840793701033
2019-08-20,2530.0,2852.14,2812.655,153.97301226431753
2019-08-21,2530.0,2844.44,2810.965,159.5601137034505
2019-08-22,2560.0,2834.64,2809.595,162.37681803288106
2019-08-23,2580.0,2823.44,2809.07,164.53041852706235
2019-08-26,2535.0,2812.94,2807.745,168.47011399754413
2019-08-27,2371.0,2799.16,2805.32,181.04361892655518
2019-08-28,2472.0,2788.72,2803.225,186.1396367456885
2019-08-29,2451.0,2778.1,2800.655,191.0680928149827
2019-08-30,2485.0,2766.6,2797.98,195.18322956506566
2019-09-02,2588.0,2757.76,2795.87,195.3558968569479
2019-09-03,2567.0,2751.94,2793.555,195.02833274863818
2019-09-04,2532.0,2744.56,2791.235,195.78931028784342
2019-09-05,2640.0,2739.36,2788.86,194.063530893853
2019-09-06,2613.0,2735.62,2785.7,191.029783439443
2019-09-09,2642.0,2730.82,2783.31,186.1642582089369
2019-09-10,2778.0,2729.22,2782.0,182.57656557962625
2019-09-11,2880.0,2728.02,2781.97,180.7635147806743
2019-09-12,2835.0,2726.14,2781.97,176.35864711942565
2019-09-13,2703.0,2722.84,2781.05,166.63284714343527
2019-09-17,2707.0,2718.88,2780.83,157.16861141396575
2019-09-18,2615.0,2712.66,2780.15,148.3791702393589
2019-09-19,2536.0,2705.68,2779.08,142.10962257210934
2019-09-20,2621.0,2700.16,2778.435,132.37463815847582
2019-09-24,2733.0,2697.58,2778.735,117.5182108656301
2019-09-25,2670.0,2694.34,2778.835,116.90619090221699
2019-09-26,2670.0,2691.58,2778.265,113.17182542031705
2019-09-27,2623.0,2687.76,2777.55,112.98186712411761
2019-09-30,2685.0,2684.94,2777.35,112.77413598484189
2019-10-01,2676.0,2684.9,2777.1,111.30742867464896
2019-10-02,2653.0,2682.14,2777.005,111.0934627746633
2019-10-03,2531.0,2676.34,2776.45,111.06690538259134
2019-10-04,2491.0,2670.34,2775.83,112.33008112895637
2019-10-07,2528.0,2664.62,2775.63,113.01789605008294
2019-10-08,2532.0,2658.16,2775.76,113.84815961743526
2019-10-09,2411.0,2648.64,2774.815,118.88345012088459
2019-10-10,2380.0,2638.56,2773.565,118.27464628577066
2019-10-11,2327.0,2626.74,2771.99,126.69803453102256
2019-10-15,2257.0,2613.26,2770.885,139.09125839146313
2019-10-16,2275.0,2599.62,2770.66,149.7930718284973
2019-10-17,2275.0,2586.34,2771.47,160.45575893284092
2019-10-18,2312.0,2574.54,2772.93,167.73182276424902
2019-10-21,2322.0,2563.88,2774.43,173.69304739293702
2019-10-23,2301.0,2552.26,2776.64,179.51024047887364
2019-10-24,2343.0,2540.1,2779.06,183.11668285612689
2019-10-25,2474.0,2535.72,2782.83,182.57596120299328
2019-10-28,2499.0,2537.3,2786.685,176.95568962866258
2019-10-29,2542.0,2536.98,2790.26,164.12078885179332
2019-10-30,2476.0,2536.2,2793.43,152.88052581154815
2019-10-31,2451.0,2535.38,2796.475,148.52130928034035
2019-11-01,2530.0,2534.76,2799.88,143.32436085255992
2019-11-05,2561.0,2535.38,2802.965,142.05068303857556
2019-11-06,2574.0,2536.26,2805.63,142.64778986729763
2019-11-07,2535.0,2535.76,2807.955,140.79242485500933
2019-11-08,2057.0,2525.3,2808.185,153.71502592591304
2019-11-11,2147.0,2517.54,2809.03,159.26402570907018
2019-11-12,2126.0,2512.64,2809.275,164.00681230595447
2019-11-13,2170.0,2506.6,2809.83,166.44128093715818
2019-11-14,2179.0,2501.16,2810.08,163.7213956766217
2019-11-15,2301.0,2497.48,2810.565,155.87889493148066
2019-11-18,2248.0,2490.68,2810.89,149.29676148030777
2019-11-19,2302.0,2485.38,2811.6,146.7099883772654
2019-11-20,2329.0,2481.32,2812.73,144.8515054139647
2019-11-21,2302.0,2474.56,2813.24,141.5885085278062
2019-11-22,2329.0,2468.88,2813.32,137.4433425590171
2019-11-25,2367.0,2463.38,2813.725,136.9431000221639
2019-11-26,2459.0,2457.0,2814.65,138.42994825800832
2019-11-27,2395.0,2447.3,2815.895,138.67026962605624
2019-11-28,2421.0,2439.02,2816.495,138.19366720358286
2019-11-29,2414.0,2433.24,2816.615,137.8040796486747
2019-12-02,2378.0,2426.66,2816.73,136.9444219844162
2019-12-03,2325.0,2420.86,2816.89,136.8029920019728
2019-12-04,2311.0,2416.36,2817.21,136.92830576452192
2019-12-05,2318.0,2410.3,2817.19,136.70414821040805
2019-12-06,2276.0,2401.16,2816.295,137.57148194186303
2019-12-09,2259.0,2392.94,2814.96,137.01979469380777
2019-12-10,2168.0,2382.9,2812.695,138.1549188744202
2019-12-11,2092.0,2372.28,2808.995,140.06976915054625
2019-12-12,2061.0,2359.8,2805.095,145.21139960318177
2019-12-13,2042.0,2347.12,2801.08,150.88118184347937
2019-12-16,2094.0,2335.94,2797.355,148.86822067331607
2019-12-17,2221.0,2329.74,2794.24,139.7695969439972
2019-12-18,2135.0,2322.62,2790.275,129.83308913557113
2019-12-19,2160.0,2315.26,2785.35,119.99350557139655
2019-12-20,2146.0,2307.54,2779.58,116.19457027297774
2019-12-23,2219.0,2303.7,2774.3,114.74610152895988
2019-12-24,2244.0,2300.98,2770.345,112.2895733176704
2019-12-25,2232.0,2299.08,2765.905,111.22722419579326
2019-12-26,2242.0,2298.78,2761.365,110.28343838315706
2019-12-27,2250.0,2298.28,2755.965,110.01707808911657
2019-12-30,2235.0,2297.48,2750.44,110.08327046733312
2020-01-06,2142.0,2294.08,2744.175,111.71836511268275
2020-01-07,2206.0,2291.76,2738.705,111.05772031417592
2020-01-08,2203.0,2289.8,2734.22,110.87159394917165
2020-01-09,2175.0,2286.44,2729.57,110.40281522315367
2020-01-10,2215.0,2281.26,2724.745,107.81516750824066
2020-01-14,2175.0,2274.78,2720.57,99.58663992010736
2020-01-15,2104.0,2266.02,2716.04,96.59788079826104
2020-01-16,2102.0,2258.54,2711.35,90.55781159779491
2020-01-17,2101.0,2251.54,2706.105,83.36975525906524
2020-01-20,2087.0,2242.68,2701.015,78.02490024007517
2020-01-21,2040.0,2232.26,2695.615,77.69883651255482
2020-01-22,2041.0,2221.6,2689.745,77.0571142113247
2020-01-23,1999.0,2210.88,2683.765,77.39185261109304
2020-01-24,1944.0,2208.62,2676.51,83.09850130744042
2020-01-27,1909.0,2203.86,2669.08,90.68680472773639
2020-01-28,1875.0,2198.84,2661.48,101.85502995158974
2020-01-29,1851.0,2192.46,2653.735,113.25314945762626
2020-01-30,1852.0,2185.92,2646.595,122.72185633778108
2020-01-31,1923.0,2178.36,2640.21,126.78570933648831
2020-02-03,2008.0,2173.56,2634.275,127.9877149277081
2020-02-04,2050.0,2168.52,2628.775,126.26456897844635
2020-02-05,2129.0,2164.52,2623.72,126.20458213443213
2020-02-06,2165.0,2161.78,2618.47,126.29623996733848
2020-02-07,2338.0,2161.96,2613.485,133.59891939821327
2020-02-10,2197.0,2158.56,2607.845,132.992800773101
2020-02-12,2275.0,2154.88,2602.82,134.25556774773565
2020-02-13,2314.0,2153.26,2598.39,137.77852042193527
2020-02-14,2344.0,2151.72,2593.235,142.4575314817175
2020-02-17,2323.0,2149.9,2587.75,145.55125494510312
2020-02-18,2311.0,2148.56,2582.405,148.4217972033081
2020-02-19,2449.0,2151.04,2578.425,160.558454281865
2020-02-20,2395.0,2152.72,2574.425,167.46659986089148
2020-02-21,2448.0,2155.32,2570.915,176.86922566831169
2020-02-25,2441.0,2158.62,2567.42,185.25826955033347
2020-02-26,2391.0,2161.26,2563.0,190.21188729668793
2020-02-27,2388.0,2165.66,2557.89,194.9883108786594
2020-02-28,2443.0,2172.68,2552.93,201.36180338403634
2020-03-02,2299.0,2177.44,2547.025,202.2409510926333
2020-03-03,2286.0,2182.32,2541.205,202.64272676966718
2020-03-04,2319.0,2186.82,2535.65,203.24584795917963
2020-03-05,2394.0,2190.28,2531.47,204.41564879251936
2020-03-06,2301.0,2193.6,2527.9,202.79962649312094
2020-03-09,2186.0,2194.12,2524.51,198.86157606934484
2020-03-10,2197.0,2195.14,2520.65,192.07831556515436
2020-03-11,2170.0,2194.16,2516.7,182.8829661569032
2020-03-12,2015.0,2189.58,2511.965,174.98510938291088
2020-03-13,2028.0,2185.5,2507.49,164.0572825388289
2020-03-16,1835.0,2177.36,2502.22,165.4881181275002
2020-03-17,1946.0,2171.28,2497.29,163.98950414970622
2020-03-18,1890.0,2164.38,2492.55,171.15745590726056
2020-03-19,1630.0,2154.14,2486.805,201.84898474770776
2020-03-23,1639.0,2142.8,2480.665,228.2536927978698
2020-03-24,1927.0,2137.28,2475.1,234.00360789045413
2020-03-25,2130.0,2136.38,2470.25,232.9745410589138
2020-03-26,2184.0,2135.76,2465.92,232.98669489909142
2020-03-27,2201.0,2136.28,2460.925,232.51929594876222
2020-03-30,2123.0,2136.66,2455.865,231.73761668859052
2020-03-31,2100.0,2136.62,2451.735,230.34284542130675
2020-04-01,2060.0,2135.8,2446.785,229.70216598341798
2020-04-02,1952.0,2133.1,2441.985,231.49429873072492
2020-04-03,1883.0,2129.96,2437.435,230.09615431355581
2020-04-06,1970.0,2128.54,2432.71,226.91829508367294
2020-04-07,2089.0,2130.34,2427.905,218.66039642678788
2020-04-08,2073.0,2132.92,2422.57,209.82118550103638
2020-04-09,2095.0,2136.64,2417.745,202.57934730378093
2020-04-10,2071.0,2140.56,2412.8,194.70940327611527
2020-04-13,2050.0,2144.54,2408.08,182.35685931144477
2020-04-14,2146.0,2150.42,2403.9,177.75806883088546
2020-04-15,2211.0,2156.18,2399.655,175.01994960182043
2020-04-16,2430.0,2164.62,2396.655,181.71831175638093
2020-04-17,2557.0,2174.76,2395.15,193.9447989956789
2020-04-20,2697.0,2186.12,2394.13,221.72164645282174
2020-04-21,2463.0,2192.08,2391.945,231.70878472674087
2020-04-22,2441.0,2194.14,2390.15,239.6649097500928
2020-04-23,2556.0,2201.32,2388.52,253.50330655986411
2020-04-24,2508.0,2205.98,2386.77,262.73806938365635
2020-04-27,2518.0,2210.06,2384.66,271.3017258271393
2020-04-28,2658.0,2216.34,2383.305,280.24951116059
2020-04-30,2713.0,2224.14,2382.53,293.4753803142218
2020-05-01,2718.0,2232.28,2381.595,302.2336026564798
2020-05-07,2899.0,2241.28,2381.46,304.67302239403267
2020-05-08,2940.0,2252.18,2381.735,304.53801642533523
2020-05-11,2901.0,2261.24,2381.755,313.8436557107484
2020-05-12,2857.0,2269.56,2381.73,324.58826970115206
2020-05-13,2841.0,2278.56,2381.775,333.7251760108155
2020-05-14,2840.0,2287.6,2381.935,341.5015524779192
2020-05-15,2810.0,2294.94,2381.915,344.47494779036356
2020-05-18,2815.0,2305.26,2381.86,345.2387413164234
2020-05-19,2802.0,2315.58,2382.48,342.2539623037909
2020-05-20,2942.0,2328.04,2383.235,336.92941380214694
2020-05-21,3000.0,2340.16,2384.13,326.0556489418597
2020-05-22,2922.0,2352.58,2384.785,313.36798720082976
2020-05-25,3015.0,2369.16,2385.79,308.3484538075676
2020-05-26,2920.0,2383.62,2386.115,295.3915850286656
2020-05-27,3000.0,2400.22,2386.68,283.29942122949285
2020-05-28,3050.0,2420.92,2387.51,267.2946628378673
2020-05-29,3210.0,2444.56,2388.97,252.41454682382252
2020-06-01,3380.0,2475.46,2391.215,251.81256484951587
2020-06-02,3355.0,2503.64,2393.205,248.15150174055265
2020-06-03,3410.0,2534.04,2395.56,258.6076689442543
2020-06-04,3275.0,2566.94,2397.425,262.9841654251586
2020-06-05,3230.0,2598.76,2399.3,268.0202621436289
2020-06-08,3220.0,2624.62,2400.99,261.0387384824424
2020-06-09,3125.0,2644.52,2401.86,246.8020752907382
2020-06-10,3165.0,2664.14,2404.22,238.37777658123912
2020-06-11,3075.0,2681.62,2407.495,222.60723620132927
2020-06-12,3115.0,2701.46,2410.28,205.25571659615534
2020-06-15,2999.0,2719.44,2412.7,194.43228292564243
2020-06-16,3175.0,2741.74,2416.115,187.60739146774623
2020-06-17,3295.0,2768.6,2419.785,183.67938396007537
2020-06-18,3325.0,2797.44,2423.76,187.80244266585854
2020-06-19,3255.0,2823.14,2427.385,189.25912419736252
2020-06-22,3285.0,2847.06,2431.01,189.8970562015683
2020-06-23,3320.0,2872.0,2434.71,189.0980679709429
2020-06-24,3300.0,2896.1,2438.535,185.4768319020255
2020-06-25,3295.0,2920.58,2443.155,180.23568542008806
2020-06-26,3425.0,2948.08,2447.92,176.80055650819506
2020-06-29,3400.0,2973.16,2452.665,169.94544425487462
2020-06-30,3330.0,2995.54,2456.89,156.6825658354487
2020-07-01,3570.0,3018.34,2461.8,163.68096596943604
2020-07-02,3520.0,3037.6,2466.565,167.64607286520132
2020-07-03,3660.0,3056.86,2472.205,174.58630576570835
2020-07-06,3745.0,3082.5,2477.73,189.94399961173698
2020-07-07,3725.0,3108.18,2483.29,194.0094914137409
2020-07-08,3740.0,3131.86,2488.78,200.46097450338857
2020-07-09,3820.0,3158.1,2493.99,212.0093903797494
2020-07-10,4030.0,3188.34,2499.74,242.86646442073345
2020-07-13,4130.0,3217.78,2506.215,278.30084606328035
2020-07-14,4065.0,3244.82,2513.025,302.5536980932186
2020-07-15,4215.0,3274.76,2520.565,334.3647072752472
2020-07-16,4160.0,3299.98,2528.29,355.7483354295799
2020-07-17,4210.0,3325.38,2536.66,375.4547342506973
2020-07-20,4420.0,3355.76,2545.655,404.82015873661425
2020-07-21,4430.0,3387.22,2554.14,425.69338839067905
2020-07-22,4505.0,3420.5,2563.315,447.49880754993967
2020-07-27,4375.0,3451.2,2571.84,452.68116840650913
2020-07-28,4440.0,3483.8,2580.925,458.77508575590946
2020-07-29,4305.0,3513.6,2589.025,447.99117396888545
2020-07-30,4350.0,3544.56,2597.395,444.41195163791207
2020-07-31,4420.0,3574.12,2606.23,445.915176718155
2020-08-03,4735.0,3608.82,2617.25,461.71793150781923
2020-08-04,4815.0,3646.68,2628.87,473.5660752061998
2020-08-05,4740.0,3681.18,2639.93,476.7601688697231
2020-08-06,4660.0,3715.98,2650.57,472.9815249970161
2020-08-07,5170.0,3759.38,2664.365,493.35611744528603
2020-08-11,5030.0,3798.98,2677.615,495.7855719293681
2020-08-12,4850.0,3831.78,2690.23,490.0451832323145
2020-08-13,4810.0,3860.38,2702.995,476.2245256710033
2020-08-14,4865.0,3890.58,2715.945,454.16008115018457
2020-08-17,4720.0,3916.78,2728.17,437.1497284197586
2020-08-18,4935.0,3949.98,2741.285,419.90916505424036
2020-08-19,5020.0,3985.78,2754.775,410.2872907116888
2020-08-20,4920.0,4019.78,2767.87,396.7401651215658
2020-08-21,5100.0,4059.28,2781.655,384.92203270839855
2020-08-24,5140.0,4098.78,2794.985,370.0660472271706
2020-08-25,5000.0,4137.28,2807.49,348.64685060499147
2020-08-26,4975.0,4174.48,2819.655,336.0750463536482
2020-08-27,4990.0,4214.3,2832.225,326.7087704510742
2020-08-28,4650.0,4243.8,2843.22,305.5722444066568
2020-08-31,4810.0,4274.1,2854.62,292.1216484125437
2020-09-01,4975.0,4307.1,2866.69,275.85087800576076
2020-09-02,5190.0,4345.8,2879.77,268.16902587133166
2020-09-03,5080.0,4381.7,2892.495,264.824220599418
2020-09-04,4880.0,4412.9,2906.61,255.72238224607253
2020-09-07,4835.0,4443.6,2920.05,248.92764262806375
2020-09-08,4890.0,4475.5,2933.87,234.0547141063377
2020-09-09,4875.0,4504.5,2947.395,221.33483502467357
2020-09-10,4795.0,4532.4,2960.475,195.7306529538597
2020-09-11,4715.0,4560.1,2972.545,171.9208585634464
2020-09-14,4580.0,4580.3,2984.205,158.94768892968872
2020-09-15,4735.0,4604.6,2996.37,158.94768892968872
2020-09-16,4870.0,4628.8,3009.075,158.34897079463846
2020-09-17,4825.0,4650.4,3021.69,156.25428729749368
2020-09-18,4755.0,4671.0,3033.82,152.20987099259796
2020-09-23,5000.0,4696.2,3046.985,144.77499387177278
2020-09-24,4730.0,4714.4,3058.34,145.4048055301528
2020-09-25,4710.0,4728.0,3069.915,148.73653710928457
2020-09-28,4650.0,4738.4,3081.06,154.07501158656305
2020-09-29,4790.0,4752.9,3092.94,154.82990295989975
2020-09-30,4850.0,4765.6,3105.3,152.24601989776244
2020-10-02,4910.0,4780.6,3118.225,151.97823876288507
2020-10-05,4985.0,4796.1,3131.595,150.95633836295602
2020-10-06,4985.0,4807.4,3144.93,152.10637913877864
2020-10-07,5390.0,4826.6,3160.5,174.42195171874567
2020-10-08,5550.0,4847.5,3176.955,207.9003546684358
2020-10-09,5470.0,4869.4,3193.465,232.06525291217622
2020-10-12,5820.0,4897.0,3212.105,284.8883628903461
2020-10-13,5810.0,4927.1,3230.85,325.9334957904103
2020-10-14,5760.0,4955.3,3249.44,350.4005917698197
2020-10-15,5550.0,4977.9,3266.72,361.88824718173953
2020-10-16,5500.0,4993.2,3283.115,371.60033684702626
2020-10-19,5590.0,5008.7,3300.39,383.7916176092465
2020-10-20,5610.0,5026.1,3317.64,396.59401198810735
2020-10-21,5440.0,5041.7,3334.11,399.99586923153856
2020-10-22,5080.0,5039.9,3348.415,396.90555928142516
2020-10-23,4900.0,5037.3,3361.695,396.7208984467077
2020-10-26,4625.0,5032.8,3373.66,404.3294434623453
2020-10-27,4775.0,5032.1,3386.325,404.8646715865016
2020-10-28,4495.0,5024.7,3397.55,413.94430187824366
2020-10-29,4490.0,5020.1,3408.825,418.0833387745975
2020-10-30,4400.0,5009.4,3420.115,432.0853270883576
2020-11-02,4340.0,4995.8,3430.785,451.2575340855389
2020-11-04,4585.0,4989.1,3442.695,457.64040619170225
2020-11-05,4500.0,4977.1,3454.32,465.6356426693879
2020-11-06,4515.0,4964.6,3465.82,475.49517444400675
2020-11-09,4550.0,4955.6,3477.695,480.4794360903944
2020-11-10,4015.0,4936.4,3487.25,511.72246878309727
2020-11-11,4210.0,4920.8,3497.79,528.0749032554688
2020-11-12,4290.0,4913.6,3508.735,542.0808142661014
2020-11-13,4340.0,4904.2,3520.0,553.7267677594526
2020-11-16,4390.0,4892.5,3531.75,563.0606018709781
2020-11-17,4370.0,4876.1,3543.395,572.1859927897796
2020-11-18,4250.0,4859.5,3554.65,584.532822593953
2020-11-19,4290.0,4847.7,3566.38,586.3900863191094
2020-11-20,4230.0,4835.6,3577.985,581.5836485234819
2020-11-24,4580.0,4829.4,3591.51,569.128694817234
2020-11-25,4410.0,4820.1,3604.305,537.3288554047473
2020-11-26,4385.0,4811.9,3616.97,500.23905204952183
2020-11-27,4655.0,4810.7,3630.63,456.94814716267837
2020-11-30,4780.0,4814.7,3644.49,424.8811869081857
2020-12-01,4865.0,4817.3,3658.565,394.22370246626485
2020-12-02,4755.0,4815.0,3671.695,348.6494468396771
2020-12-03,4595.0,4810.4,3683.845,288.3469035408797
2020-12-04,4495.0,4805.2,3694.63,232.4863115486069
2020-12-07,4355.0,4792.3,3705.42,206.9719426817951
2020-12-08,4495.0,4787.6,3716.52,191.3280867557464
2020-12-09,4385.0,4781.1,3726.875,189.53178849623106
2020-12-10,4500.0,4778.1,3737.655,180.1740059325945
2020-12-11,4345.0,4769.2,3747.765,180.97604147016938
2020-12-14,4300.0,4758.2,3757.71,182.68157397852153
2020-12-15,4295.0,4745.9,3766.94,184.45508439976726
2020-12-16,4240.0,4731.0,3776.165,187.12771470095277
2020-12-17,4465.0,4720.6,3786.25,185.0225211517213
2020-12-18,4475.0,4702.3,3796.42,184.74469802481937
2020-12-21,4430.0,4679.9,3806.615,184.00680896948438
2020-12-22,4415.0,4658.8,3816.75,182.48043510307684
2020-12-23,4500.0,4632.4,3827.035,166.09580395651093
2020-12-24,4480.0,4605.8,3837.94,160.6341599204194
2020-12-25,4400.0,4578.6,3848.51,158.20327386648623
2020-12-28,4445.0,4556.5,3859.14,156.86448137563454
2020-12-29,4530.0,4537.1,3869.82,157.02340772865037
2020-12-30,4575.0,4516.8,3881.19,157.55896542631942
2021-01-04,4895.0,4502.5,3894.735,170.80110433303457
2021-01-05,4960.0,4492.9,3908.55,187.35768545446717
2021-01-06,5050.0,4492.3,3922.95,204.4609537520537
2021-01-07,5240.0,4499.1,3939.075,241.5884336311892
2021-01-08,5370.0,4514.0,3955.785,281.6762733857947
2021-01-12,5530.0,4529.1,3974.26,326.98658976334195
2021-01-13,5830.0,4555.8,3993.68,393.93275725862304
2021-01-14,5450.0,4575.0,4011.48,418.79688792221805
2021-01-15,5680.0,4600.6,4031.73,455.4486230914122
2021-01-18,5620.0,4626.2,4051.635,484.4593206176697
2021-01-19,5320.0,4640.9,4068.6,494.7019304591406
2021-01-20,5100.0,4652.9,4083.45,495.4779707920726
2021-01-21,5290.0,4668.4,4098.98,496.63164267467573
2021-01-22,5250.0,4682.4,4114.225,498.7023678750054
2021-01-25,5140.0,4704.9,4129.31,493.6872759518727
2021-01-26,5240.0,4725.5,4145.01,493.01488634818935
2021-01-27,5270.0,4745.1,4161.06,486.28905008223563
2021-01-28,5140.0,4761.1,4177.0,472.9931896668936
2021-01-29,5040.0,4774.1,4192.785,456.46014291388326
2021-02-01,5090.0,4788.5,4208.385,434.87757558550106
2021-02-02,5070.0,4804.9,4223.29,422.7185213305167
2021-02-03,5120.0,4821.5,4238.525,409.8557357631184
2021-02-04,5340.0,4843.7,4254.75,395.9008351397651
2021-02-05,4970.0,4851.5,4269.245,376.26724575742753
2021-02-08,5140.0,4866.1,4284.695,358.94741554499564
2021-02-09,5160.0,4881.6,4299.765,338.05601283823745
2021-02-10,5560.0,4899.7,4316.51,315.8932327270602
2021-02-12,6160.0,4927.3,4335.16,332.92262053570477
2021-02-15,6140.0,4952.8,4353.075,344.4784496871216
2021-02-16,5970.0,4977.1,4369.44,338.55087564838806
2021-02-17,5520.0,4995.6,4384.725,329.4690957547648
2021-02-18,5440.0,5014.5,4399.72,320.9869836584527
2021-02-19,5530.0,5038.0,4414.59,316.1725122006259
2021-02-22,5490.0,5057.9,4429.5,315.35803407422935
2021-02-24,5250.0,5075.2,4443.16,316.49753499065815
2021-02-25,5360.0,5092.4,4456.67,315.51745493364814
2021-02-26,5120.0,5107.9,4468.705,307.8589391860705
2021-03-01,5260.0,5127.1,4481.415,308.01850966921086
2021-03-02,5480.0,5150.8,4494.32,302.96162649158737
2021-03-03,5440.0,5174.8,4506.82,299.24425882007
2021-03-04,5250.0,5190.5,4518.565,299.7318725165716
2021-03-05,5180.0,5204.6,4530.18,297.83297795679397
2021-03-08,5160.0,5219.2,4541.775,299.63119092428303
2021-03-09,5280.0,5236.5,4553.975,299.36119727976285
2021-03-10,5130.0,5249.1,4565.575,299.6012675878081
2021-03-11,5180.0,5263.1,4577.4,300.5137363701
2021-03-12,5310.0,5281.3,4589.94,300.2749697714678
2021-03-15,5160.0,5295.6,4601.03,299.83137023117536
2021-03-16,5300.0,5311.0,4612.53,294.4708872677691
2021-03-17,5400.0,5327.5,4624.92,290.3705520042545
2021-03-18,5640.0,5342.4,4638.045,289.2288597863706
2021-03-19,5510.0,5353.4,4650.995,285.82226613068894
2021-03-22,5450.0,5361.4,4663.245,285.8067830569625
2021-03-23,5420.0,5365.0,4675.095,274.1400346915416
2021-03-24,5150.0,5360.6,4684.795,273.80251293942496
2021-03-25,5080.0,5351.6,4693.295,276.7288394343869
2021-03-26,5110.0,5337.2,4702.07,280.5251643187868
2021-03-29,4915.0,5326.5,4709.595,254.4300030200309
2021-03-30,4960.0,5312.1,4718.02,217.24959161633302
2021-03-31,5020.0,5300.1,4726.97,185.35373140867534
2021-04-01,5160.0,5296.9,4736.67,181.09667514098552
2021-04-02,5280.0,5300.5,4747.445,178.28726980551914
2021-04-05,5320.0,5301.1,4758.22,171.55316524547317
2021-04-06,5180.0,5299.7,4768.745,166.40804647320462
2021-04-07,5250.0,5301.9,4779.42,166.40804647320462
2021-04-08,5140.0,5299.9,4790.125,166.17234164093225
2021-04-09,5260.0,5299.7,4800.55,164.6107390248056
2021-04-12,5150.0,5299.9,4809.825,165.50697106544564
2021-04-13,5140.0,5301.9,4818.9,160.21582067759877
2021-04-14,5300.0,5306.1,4829.125,155.89388153113927
2021-04-15,5220.0,5309.1,4838.8,155.83193496205237
2021-04-16,5390.0,5314.5,4849.15,158.4280720799905
2021-04-19,5430.0,5316.3,4859.8,161.819840932854
2021-04-20,5330.0,5323.5,4869.975,162.4896990545692
2021-04-21,5210.0,5324.9,4878.9,161.22563969960098
2021-04-22,5420.0,5330.1,4889.0,163.79734114298336
2021-04-23,5340.0,5325.7,4899.05,164.245138488891
2021-04-26,5350.0,5309.5,4907.95,164.13873092143484
2021-04-27,5430.0,5295.3,4917.5,166.90118557733425
2021-04-28,5440.0,5284.7,4926.4,168.17042874251575
2021-04-30,5400.0,5282.3,4934.675,154.9813670668979
2021-05-06,5500.0,5283.5,4943.55,154.43156800148026
2021-05-07,5160.0,5276.1,4950.65,151.0489187715779
2021-05-10,5080.0,5267.9,4956.95,150.4916272921904
2021-05-11,4795.0,5258.8,4960.775,170.24289611656434
2021-05-12,4945.0,5250.5,4964.85,175.90692745435385
2021-05-13,4900.0,5246.1,4969.025,184.44082937415078
2021-05-14,4965.0,5240.2,4972.775,181.85514318666642
2021-05-17,4800.0,5226.6,4975.975,191.68708037216285
2021-05-18,4860.0,5215.0,4979.225,199.23769954387453
2021-05-19,4880.0,5207.6,4981.525,207.78532522607466
2021-05-20,4900.0,5202.0,4983.875,213.94763834643902
2021-05-21,5050.0,5199.8,4986.6,213.6573285028727
2021-05-24,5030.0,5194.8,4989.875,215.2571971376017
2021-05-25,5040.0,5193.0,4992.875,215.94013910840485
2021-05-26,5290.0,5195.2,4997.8,217.1503663574887
2021-05-27,5400.0,5197.0,5003.05,220.69697590227602
2021-05-28,5240.0,5198.6,5007.15,221.00612411548155
2021-05-31,5190.0,5196.4,5009.425,220.92549584110827
2021-06-01,5210.0,5192.6,5011.4,219.7941173530003
2021-06-02,5160.0,5183.0,5013.5,219.62618450343356
2021-06-03,5260.0,5178.0,5016.5,216.41866885710485
2021-06-04,5080.0,5170.6,5016.05,211.11152197982986
2021-06-07,5100.0,5164.2,5016.4,208.70598854649367
2021-06-08,5220.0,5165.6,5018.25,208.81720819122725
2021-06-09,5190.0,5167.8,5020.15,202.61005239950532
2021-06-10,5280.0,5171.2,5022.225,200.85800153742
2021-06-11,5310.0,5179.1,5025.175,199.53170750246093
2021-06-14,5500.0,5189.9,5028.0,203.44906730801873
2021-06-15,5500.0,5199.5,5030.4,206.77608801481273
2021-06-16,5450.0,5205.3,5033.05,209.12248239650143
2021-06-17,5360.0,5206.9,5034.35,202.3290395120831
2021-06-18,5440.0,5209.3,5035.85,209.69497552067727
2021-06-21,5280.0,5211.3,5037.25,210.65203917643893
2021-06-22,5150.0,5209.3,5038.125,199.45356386369048
2021-06-23,5190.0,5210.3,5039.125,195.06004085979745
2021-06-24,5630.0,5217.7,5044.025,204.96067747336332
2021-06-25,5960.0,5233.9,5049.775,242.87194487875635
2021-06-28,6030.0,5251.7,5055.05,269.81389925257395
2021-06-29,5930.0,5264.3,5058.75,283.74446169083535
2021-06-30,5900.0,5277.9,5062.85,291.65027868572713
2021-07-01,6060.0,5291.3,5068.75,307.4517063282099
2021-07-02,6200.0,5306.7,5075.575,335.1986887198831
2021-07-05,5950.0,5319.1,5080.875,340.3953077191714
2021-07-06,5910.0,5333.1,5086.05,341.3194479036151
2021-07-07,5820.0,5341.1,5091.175,344.897119426203
2021-07-08,6030.0,5354.9,5097.75,357.74854715077737
2021-07-09,6030.0,5368.5,5105.0,365.59446158935873
2021-07-12,6100.0,5381.9,5111.825,372.8888466473725
2021-07-13,6090.0,5394.9,5117.925,377.82027595078074
2021-07-14,6020.0,5407.3,5123.9,375.6161222103637
2021-07-15,5850.0,5414.3,5129.375,370.86478621615584
2021-07-16,5820.0,5427.5,5133.475,355.8121679349325
2021-07-19,5610.0,5438.1,5137.875,339.1010767158761
2021-07-20,5560.0,5453.4,5142.125,328.2319407012865
2021-07-21,5680.0,5468.1,5147.275,313.58586057729656
2021-07-26,5670.0,5483.5,5151.675,302.548751652386
2021-07-27,5630.0,5496.8,5155.575,292.5482571450405
2021-07-28,5500.0,5510.8,5158.525,292.5482571450405
2021-07-29,5790.0,5529.4,5162.55,288.94258269063386
2021-07-30,5720.0,5546.2,5166.225,283.2749770870305
2021-08-02,5830.0,5564.8,5168.425,272.9902528679341
2021-08-03,5860.0,5581.0,5169.975,265.6590157394565
2021-08-04,6270.0,5605.8,5173.975,261.1444749206594
2021-08-05,6130.0,5627.6,5175.525,233.4501349693722
2021-08-06,6000.0,5641.8,5176.475,197.47719204831287
2021-08-10,6050.0,5654.8,5177.925,193.55120502206313
2021-08-11,6110.0,5672.2,5180.725,197.0602918415199
2021-08-12,6130.0,5691.0,5183.875,200.0703899119394
2021-08-13,5770.0,5702.2,5184.775,201.59963738330197
2021-08-16,5440.0,5707.8,5183.925,218.61134357623277
2021-08-17,5220.0,5707.0,5182.825,247.6438395445047
2021-08-18,5400.0,5713.4,5184.425,252.75243441641774
2021-08-19,5140.0,5714.2,5185.625,281.4568013647223
2021-08-20,5160.0,5713.0,5188.3,304.2837831525594
2021-08-23,5260.0,5714.4,5190.725,318.6467434737344
2021-08-24,5100.0,5710.8,5193.75,336.4493437644368
2021-08-25,5400.0,5712.6,5198.3,336.82578463559287
2021-08-26,5460.0,5711.8,5203.6,331.5205303883102
2021-08-27,5290.0,5707.6,5208.35,330.32568394123706
2021-08-30,5300.0,5704.6,5211.925,329.59832747034176
2021-08-31,5440.0,5706.2,5216.625,329.01874313375515
2021-09-01,5390.0,5705.2,5221.0,329.58158775709654
2021-09-02,5520.0,5710.0,5225.85,329.9940786650664
2021-09-03,5420.0,5715.4,5232.875,331.6721827069499
2021-09-06,5570.0,5723.0,5239.675,331.39569014738123
2021-09-07,5850.0,5727.4,5247.475,334.34186510008556
2021-09-08,6040.0,5729.0,5255.975,343.64911267695857
2021-09-09,5950.0,5727.4,5263.775,348.0832573149288
2021-09-10,6020.0,5729.2,5272.025,354.1257650485864
2021-09-13,6220.0,5735.6,5281.875,369.3927915955325
2021-09-14,6400.0,5742.4,5292.425,392.4823738629353
2021-09-15,6400.0,5746.4,5303.275,413.0103947927674
2021-09-16,6100.0,5749.4,5310.875,405.95509632207626
2021-09-17,6120.0,5753.6,5319.425,405.58472051745554
2021-09-21,5990.0,5757.0,5327.45,405.32433444333833
2021-09-22,6120.0,5758.8,5334.775,407.6708442375545
2021-09-24,6240.0,5763.0,5342.075,412.9351066436851
2021-09-27,6200.0,5765.0,5348.75,415.66468028539856
2021-09-28,5980.0,5762.8,5354.875,418.6821140718326
2021-09-29,5920.0,5760.8,5361.5,417.38870772136835
2021-09-30,6160.0,5767.0,5369.825,413.7748846563716
2021-10-01,6410.0,5778.8,5380.1,425.0816013615164
2021-10-04,6330.0,5793.2,5389.275,418.22064242108473
2021-10-05,6200.0,5806.0,5398.35,404.03140881659505
2021-10-06,6160.0,5815.6,5406.65,391.1521443121298
2021-10-07,6210.0,5826.4,5415.975,365.50531860837674
2021-10-08,6640.0,5846.6,5427.675,373.87148200611256
2021-10-11,6780.0,5872.2,5440.1,389.33792903913246
2021-10-12,6410.0,5884.6,5450.95,370.9492328247996
2021-10-13,6440.0,5899.0,5460.825,349.2621121571577
2021-10-14,6360.0,5909.6,5470.25,330.30898108964334
2021-10-15,6580.0,5924.0,5481.0,310.6988785036406
2021-10-18,6510.0,5928.8,5491.475,292.64960806982015
2021-10-19,6950.0,5945.2,5503.725,286.91462144681657
2021-10-20,6900.0,5963.2,5515.825,282.2139483506215
2021-10-21,6790.0,5978.0,5527.775,284.2738278409933
2021-10-22,6710.0,5990.0,5539.1,288.00143677796956
2021-10-25,6500.0,5997.4,5548.95,279.70530468911716
2021-10-26,6500.0,6012.0,5558.575,273.3405521894464
2021-10-27,6320.0,6029.6,5565.7,272.00004225821874
2021-10-28,6370.0,6052.6,5572.75,271.9702485418599
2021-10-29,6150.0,6067.6,5578.25,275.0433612626924
2021-11-01,6620.0,6097.2,5585.15,273.932830092097
2021-11-02,6760.0,6129.2,5592.1,277.4284623539989
2021-11-04,6960.0,6163.2,5599.25,283.608926143856
2021-11-05,7010.0,6201.4,5605.15,295.3589283425994
2021-11-08,6850.0,6230.4,5612.15,300.0107277774801
2021-11-09,6860.0,6258.4,5618.05,302.252843839655
2021-11-10,6750.0,6287.6,5623.7,287.93138550457377
2021-11-11,6800.0,6317.6,5631.1,266.96872260723103
2021-11-12,6840.0,6345.6,5639.8,260.05768590826403
2021-11-15,7100.0,6379.8,5648.85,273.828539355338
2021-11-16,6900.0,6407.4,5657.1,273.36157689788456
2021-11-17,7130.0,6441.6,5667.05,275.5233265047355
2021-11-18,7180.0,6473.8,5676.75,274.3720102342042
2021-11-19,7010.0,6497.0,5685.45,264.19602614317
2021-11-22,7320.0,6522.6,5696.35,285.19483156954277
2021-11-24,6980.0,6543.2,5706.05,288.35323165668393
2021-11-25,7080.0,6564.4,5716.0,286.8939889915721
2021-11-26,7070.0,6581.4,5726.0,284.62598971798764
2021-11-29,7050.0,6594.4,5735.65,275.9820500575678
2021-11-30,6890.0,6604.2,5743.4,272.53260903690096
2021-12-01,6920.0,6620.6,5753.15,266.20815466313127
2021-12-02,6850.0,6635.2,5761.7,265.4384791375411
2021-12-03,6850.0,6652.4,5770.15,265.1991227598576
2021-12-06,6330.0,6656.6,5774.0,280.8656569275319
2021-12-07,6540.0,6662.6,5775.9,284.8893715513855
2021-12-08,6740.0,6673.4,5778.9,279.00912521632273
2021-12-09,6640.0,6686.6,5782.25,274.5322040024399
2021-12-10,6460.0,6697.4,5786.95,266.65854872692495
2021-12-13,6580.0,6705.8,5792.65,256.63516749533085
2021-12-14,6310.0,6703.8,5796.55,243.0921494071792
2021-12-15,6530.0,6707.8,5801.75,246.5087254522486
2021-12-16,6190.0,6707.6,5806.45,273.6042951870132
2021-12-17,6040.0,6705.2,5809.85,307.31690184705917
2021-12-20,5900.0,6699.0,5813.75,344.8586250397753
2021-12-21,6060.0,6687.4,5817.75,366.91632044221444
2021-12-22,6190.0,6675.6,5821.3,378.92482498308766
2021-12-23,6070.0,6668.8,5824.45,396.24748449103845
2021-12-24,6150.0,6663.0,5828.95,407.3576191567019
2021-12-27,6110.0,6658.0,5833.6,418.1020334138396
2021-12-28,6000.0,6646.4,5837.8,424.4646391456165
2021-12-29,5880.0,6633.8,5840.8,440.35317591700397
2021-12-30,5860.0,6612.0,5844.45,445.5109426265119
2022-01-04,5800.0,6590.0,5847.55,446.8973499353906
2022-01-05,5510.0,6564.4,5848.55,468.923933247579
2022-01-06,5180.0,6533.8,5848.65,491.1122726707045
2022-01-07,5260.0,6509.0,5848.45,515.8503748136396
2022-01-11,5230.0,6483.6,5847.6,529.9413326887478
2022-01-12,5330.0,6463.8,5846.05,531.1476405783311
2022-01-13,5060.0,6437.6,5843.8,543.0928880564055
2022-01-14,4765.0,6409.9,5840.375,576.144064239665
2022-01-17,4945.0,6376.4,5838.0,585.4175246445055
2022-01-18,4935.0,6339.9,5836.925,591.5052151420246
2022-01-19,4890.0,6298.5,5835.975,592.8937655612212
2022-01-20,4920.0,6256.7,5835.025,609.1539497390993
2022-01-21,4850.0,6216.7,5834.7,616.6968228103304
2022-01-24,4710.0,6173.7,5833.45,615.2573753568704
2022-01-25,4515.0,6129.0,5830.925,623.0192521148442
2022-01-26,4410.0,6081.2,5827.175,638.540541382065
2022-01-27,4010.0,6024.6,5820.825,665.9190348079396
2022-01-28,4140.0,5965.4,5814.925,687.2094161237865
2022-01-31,4270.0,5912.8,5810.375,680.7911219486786
2022-02-01,4305.0,5856.3,5805.65,683.3720692693519
2022-02-02,4430.0,5801.3,5802.1,681.8539003183282
2022-02-03,4190.0,5744.9,5796.75,691.8126490454756
2022-02-04,3810.0,5674.7,5790.05,709.5296523657186
2022-02-07,3625.0,5607.6,5782.475,722.7755410628073
2022-02-08,3525.0,5536.5,5773.6,738.6388732374484
2022-02-09,3680.0,5468.7,5765.9,730.639166725985
2022-02-10,3895.0,5405.6,5758.425,705.6904176175714
2022-02-14,3620.0,5340.2,5749.375,691.7523143205518
2022-02-15,3520.0,5272.2,5740.325,681.3609605933667
2022-02-16,3575.0,5206.7,5732.15,659.9091935093713
2022-02-17,3370.0,5137.1,5721.9,643.364115456793
2022-02-18,3360.0,5077.7,5712.0,636.9946723825173
2022-02-21,3310.0,5013.1,5701.8,643.8414927729698
2022-02-22,3410.0,4946.5,5691.7,635.4641031850797
2022-02-24,3245.0,4878.6,5680.725,630.0101258080915
2022-02-25,3425.0,4817.9,5670.85,602.8085845898446
2022-02-28,3550.0,4757.3,5661.1,581.7386001037024
2022-03-01,3795.0,4707.0,5654.275,566.8282646527404
2022-03-02,3650.0,4649.4,5647.125,541.7531142334595
2022-03-03,3470.0,4595.0,5640.5,516.7205663394917
2022-03-04,3375.0,4541.7,5632.65,491.65437350699045
2022-03-07,3200.0,4487.7,5624.15,463.9311036841185
2022-03-08,3120.0,4428.9,5614.925,436.66236726852753
2022-03-09,3015.0,4365.4,5606.0,417.44436617425436
2022-03-10,3140.0,4306.8,5597.4,399.26354618271415
2022-03-11,2756.0,4238.92,5586.78,404.57553178559044
2022-03-14,2824.0,4173.2,5576.4,420.05864396280464
2022-03-15,2750.0,4108.2,5564.9,429.6667513799908
2022-03-16,2810.0,4046.8,5553.8,422.895547006844
2022-03-17,3075.0,3991.1,5543.975,396.79963964581236
2022-03-18,3200.0,3939.1,5533.525,349.2533250486393
2022-03-22,3120.0,3891.3,5522.125,316.38304297973633
2022-03-23,3280.0,3853.3,5512.325,303.82004655670085
2022-03-24,3295.0,3814.0,5502.85,298.43511395517845
2022-03-25,3350.0,3776.4,5493.55,295.8270794224244
2022-03-28,3080.0,3731.4,5483.15,289.9046315641759
2022-03-29,3230.0,3694.8,5473.0,266.2013756798703
2022-03-30,3280.0,3665.1,5464.0,257.621659687792
2022-03-31,3225.0,3630.7,5454.625,252.64778308727244
2022-04-01,3275.0,3597.5,5444.9,244.86422463440894
2022-04-04,3380.0,3567.3,5435.85,245.0641131220421
2022-04-05,3495.0,3538.8,5426.925,248.68611060784727
2022-04-06,3280.0,3507.4,5416.775,248.44541943220582
2022-04-07,3105.0,3475.3,5404.8,247.3458767772045
2022-04-08,3035.0,3445.7,5392.475,249.76399204889694
2022-04-11,2814.0,3413.78,5379.295,257.22896460147933
2022-04-12,2837.0,3390.32,5366.68,256.6308879377984
2022-04-13,2886.0,3365.24,5353.91,233.57549666808717
2022-04-14,2870.0,3337.24,5341.86,218.34738745691806
2022-04-15,2746.0,3306.06,5329.84,218.23301898379023
2022-04-18,2718.0,3271.82,5317.48,222.0901468624859
2022-04-19,2622.0,3240.46,5302.44,235.36994847207208
2022-04-20,2379.0,3211.84,5284.535,265.1734544022243
2022-04-21,2399.0,3187.32,5266.38,289.07280234837043
2022-04-22,2220.0,3161.22,5247.83,321.6132538586381
2022-04-25,2169.0,3131.0,5229.175,351.9978595155349
2022-04-26,2278.0,3098.66,5210.265,372.6885868371757
2022-04-27,2251.0,3071.28,5190.52,392.09549622635336
2022-04-28,2210.0,3045.08,5171.82,412.8365906442691
2022-05-02,2329.0,3020.16,5153.915,424.45198745587726
2022-05-06,2141.0,2995.58,5135.52,440.53252649109163
2022-05-09,2132.0,2971.02,5116.03,455.79959928977235
2022-05-10,2207.0,2948.96,5096.915,459.7586773290793
2022-05-11,2266.0,2926.08,5077.745,457.9762943722868
2022-05-12,2077.0,2902.72,5057.68,458.51113876098157
2022-05-13,2251.0,2879.24,5038.835,459.6661969774967
2022-05-16,2205.0,2852.34,5020.61,454.69125055735435
2022-05-17,2114.0,2818.72,5002.08,447.5282614848638
2022-05-18,2143.0,2788.58,4984.745,438.70127557995716
2022-05-19,2070.0,2760.58,4967.295,426.0690799854179
2022-05-20,2068.0,2734.44,4949.235,401.478876786598
2022-05-23,2061.0,2711.66,4931.19,359.2727024319076
2022-05-24,1947.0,2688.2,4912.775,331.8328411758577
2022-05-25,1878.0,2665.46,4894.665,315.23076932799376
2022-05-26,1932.0,2641.3,4875.375,295.580823106965
2022-05-27,1932.0,2624.82,4856.435,287.1924662030048
2022-05-30,2092.0,2610.18,4837.745,268.8045501976911
2022-05-31,2129.0,2597.76,4819.09,241.48659323600296
2022-06-01,2280.0,2587.16,4799.14,209.26281116820203
2022-06-02,2118.0,2568.02,4779.08,183.42506378103442
2022-06-03,2135.0,2546.72,4759.755,153.73759178068738
2022-06-06,2160.0,2527.52,4740.305,127.5905853554769
2022-06-07,2027.0,2502.46,4719.89,122.10401162640633
2022-06-08,2135.0,2479.26,4699.915,111.9363581502965
2022-06-09,2239.0,2457.04,4682.26,112.50432431064644
2022-06-10,2169.0,2438.82,4665.905,112.50432431064644
2022-06-13,1995.0,2414.12,4649.78,111.74859406700236
2022-06-14,2036.0,2389.24,4632.96,110.14596376364916
2022-06-15,2010.0,2364.94,4617.31,110.30863702534266
2022-06-16,1959.0,2338.62,4601.305,105.4719878924035
2022-06-17,1925.0,2309.52,4584.63,109.64989215984276
2022-06-20,1924.0,2278.1,4568.75,113.39719634109848
2022-06-21,1984.0,2252.18,4551.67,112.27843571464457
2022-06-22,1903.0,2228.14,4533.885,110.57278250083137
2022-06-23,1891.0,2205.26,4516.89,114.90593854424993
2022-06-24,2121.0,2191.4,4500.995,109.67221800615792
2022-06-27,2092.0,2176.5,4484.255,106.14612028080059
2022-06-28,2052.0,2159.82,4467.565,105.43746308016512
2022-06-29,1964.0,2141.7,4449.785,104.87494468689928
2022-06-30,1950.0,2125.78,4432.435,106.0103876935763
2022-07-01,1938.0,2110.18,4414.275,107.34526955876356
2022-07-04,1980.0,2097.34,4394.925,107.62461902734711
2022-07-05,2046.0,2090.68,4374.955,106.50705011514403
2022-07-06,2087.0,2084.44,4355.64,102.77531010854598
2022-07-07,2095.0,2081.94,4336.015,101.15559881937017
2022-07-08,2194.0,2082.44,4315.885,102.3130198121425
2022-07-11,2145.0,2079.78,4294.61,103.43725401098335
2022-07-12,2142.0,2077.6,4273.32,103.77985098927282
2022-07-13,2133.0,2076.06,4253.485,96.0472165977931
2022-07-14,2139.0,2072.26,4233.58,96.62238383295391
2022-07-15,2114.0,2071.72,4214.2,96.07736944583598
2022-07-19,2135.0,2071.78,4194.275,95.20953299174008
2022-07-20,2169.0,2071.02,4173.92,97.48801282090787
2022-07-21,2215.0,2070.0,4153.995,100.77540750953061
2022-07-22,2201.0,2072.48,4135.1,98.64073906044172
2022-07-25,2128.0,2070.02,4116.14,97.30956055190043
2022-07-26,2130.0,2068.52,4095.99,97.533348261401
2022-07-27,2155.0,2069.34,4074.715,98.9306560815949
2022-07-28,2190.0,2070.28,4054.015,100.97779999606358
2022-07-29,2285.0,2074.58,4034.44,106.03166410650257
2022-08-01,2397.0,2081.16,4015.625,116.59345321853922
2022-08-02,2300.0,2085.94,3996.075,117.601044838966
2022-08-03,2371.0,2094.42,3974.73,124.42528109191632
2022-08-04,2404.0,2104.94,3952.85,127.59004483234274
2022-08-05,2295.0,2112.2,3932.275,121.72288576775219
2022-08-08,2304.0,2119.64,3911.595,124.65381948714027
2022-08-09,2090.0,2119.6,3890.245,124.69104808025811
2022-08-10,1981.0,2116.64,3867.25,127.42147006910447
2022-08-12,2074.0,2112.52,3845.07,123.22244626875681
2022-08-15,2178.0,2113.72,3821.21,116.71039410456417
2022-08-16,2278.0,2116.58,3798.1,110.00493719367762
2022-08-17,2408.0,2121.54,3776.19,111.12176711394065
2022-08-18,2481.0,2130.62,3755.045,119.38403212542507
2022-08-19,2485.0,2137.62,3734.97,127.40317035372155
2022-08-22,2379.0,2140.42,3714.365,128.30190688540858
2022-08-23,2345.0,2143.94,3694.49,129.79412965169547
2022-08-24,2301.0,2150.06,3674.145,129.18622840412363
2022-08-25,2342.0,2156.18,3655.105,129.102565481403
2022-08-26,2412.0,2164.22,3634.065,130.65442706020892
2022-08-29,2247.0,2169.98,3611.5,128.78835886599722
2022-08-30,2299.0,2177.46,3588.195,125.96454983914464
2022-08-31,2280.0,2184.58,3564.545,123.52422629931712
2022-09-01,2192.0,2188.74,3541.255,122.94060335832607
2022-09-02,2329.0,2197.26,3518.6,122.89369763997828
2022-09-05,2327.0,2205.98,3496.485,122.41666647140465
2022-09-06,2207.0,2207.7,3473.52,119.8669952564514
2022-09-07,2118.0,2208.22,3449.91,120.41119205663487
2022-09-08,2123.0,2209.64,3425.025,121.70794135384835
2022-09-09,2123.0,2212.82,3401.14,124.02300954515584
2022-09-12,2240.0,2218.62,3376.69,124.21366463817397
2022-09-13,2289.0,2225.64,3352.235,122.16399379275612
2022-09-14,2258.0,2231.2,3328.475,122.08928332795848
2022-09-15,2321.0,2236.7,3303.48,121.02787747673288
2022-09-16,2185.0,2238.66,3279.505,119.279585597521
2022-09-20,2152.0,2239.8,3254.865,120.80560997894685
2022-09-21,2155.0,2239.02,3230.29,121.91833049394793
2022-09-22,2215.0,2240.42,3206.115,118.22501437121966
2022-09-26,2167.0,2240.92,3182.5,107.62877878650741
2022-09-27,2119.0,2240.64,3158.495,105.18000443724911
2022-09-28,2011.0,2238.08,3134.3,114.0016938776924
2022-09-29,2051.0,2236.82,3110.305,120.10813614365517
2022-09-30,1934.0,2232.8,3088.325,129.6790955249883
2022-10-03,1999.0,2229.4,3065.62,128.1577915708496
2022-10-04,2196.0,2229.02,3042.9,118.02563524421423
2022-10-05,2190.0,2228.8,3020.65,113.6876189949085
2022-10-06,2298.0,2232.2,2999.84,111.99209742274367
2022-10-07,2312.0,2235.84,2978.5,112.34260509543147
2022-10-11,2172.0,2236.18,2957.81,109.3386019900814
2022-10-12,2179.0,2235.96,2936.055,101.56587806096611
2022-10-13,2161.0,2233.48,2915.91,101.10251995038547
2022-10-14,2164.0,2228.82,2896.53,98.91399375724271
2022-10-17,2095.0,2224.72,2877.505,98.37399899490399
2022-10-18,2194.0,2221.18,2858.175,98.38584609958959
2022-10-19,2144.0,2215.98,2837.945,94.18195278275793
2022-10-20,2141.0,2212.9,2818.3,89.49347243952563
2022-10-21,2208.0,2210.98,2798.59,89.51031533746749
2022-10-24,2233.0,2213.84,2779.205,89.94269567805807
2022-10-25,2298.0,2220.18,2760.695,92.58425178317003
2022-10-26,2351.0,2225.72,2743.05,97.52486273080848
2022-10-27,2309.0,2228.34,2725.295,99.75089087308108
2022-10-28,2399.0,2230.76,2708.29,105.61690151271084
2022-10-31,2475.0,2232.1,2693.115,117.41642173070193
2022-11-01,2895.0,2240.38,2681.69,172.5863302217124
2022-11-02,2722.0,2245.12,2669.0,195.82278230342033
2022-11-04,2741.0,2252.36,2656.555,216.07724246836008
2022-11-07,2746.0,2260.38,2643.635,233.28515676721153
2022-11-08,2784.0,2270.04,2632.255,251.05949288087714
2022-11-09,2762.0,2278.44,2622.24,264.1985516855254
2022-11-10,2714.0,2284.48,2611.085,271.63831598787533
2022-11-11,3020.0,2299.94,2601.51,292.53450724849347
2022-11-14,3045.0,2314.86,2592.285,311.656362851508
2022-11-15,3045.0,2330.16,2582.91,320.73728999834924
2022-11-16,3040.0,2347.12,2573.86,328.3780079299407
2022-11-17,3020.0,2360.94,2565.41,339.14717416957495
2022-11-18,2866.0,2371.72,2557.165,340.6217118370374
2022-11-21,2872.0,2385.02,2549.475,343.9563274203493
2022-11-22,2872.0,2400.1,2543.785,346.5162267519072
2022-11-24,2942.0,2416.48,2537.795,345.6416006386295
2022-11-25,2925.0,2432.52,2531.07,342.526550695145
2022-11-28,2882.0,2445.36,2523.955,335.4403933209939
2022-11-29,2850.0,2456.58,2516.055,325.8126180322729
2022-11-30,2811.0,2467.64,2509.16,309.33596659613124
2022-12-01,2979.0,2480.8,2505.005,300.1469161334913
2022-12-02,3090.0,2498.9,2502.33,288.871249608976
2022-12-05,3050.0,2516.86,2499.955,271.6225491292618
2022-12-06,2977.0,2533.3,2496.44,252.89860991438277
2022-12-07,2882.0,2546.64,2491.375,230.31458745697648
2022-12-08,2889.0,2561.08,2487.72,209.12231750398016
2022-12-09,2907.0,2576.84,2484.655,188.6775178636835
2022-12-12,2887.0,2594.36,2481.215,158.60436210342604
2022-12-13,2873.0,2610.8,2478.73,131.37618619416534
2022-12-14,2909.0,2630.3,2476.475,106.08271008691027
2022-12-15,2982.0,2649.96,2474.835,107.12815399969978
2022-12-16,2803.0,2662.1,2471.8,103.36902424075977
2022-12-19,2764.0,2673.58,2469.395,102.1854073306817
2022-12-20,2668.0,2680.98,2465.61,107.26966770372893
2022-12-21,2662.0,2687.98,2461.17,114.06035909690311
2022-12-22,2605.0,2696.64,2455.22,123.77913682328253
2022-12-23,2645.0,2705.96,2450.195,127.82124731217843
2022-12-26,2630.0,2715.34,2445.995,134.04217898557144
2022-12-27,2723.0,2726.52,2442.735,133.1862407034504
2022-12-28,2632.0,2737.26,2439.895,135.61804460713378
2022-12-29,2653.0,2746.44,2437.56,135.7770315588202
2022-12-30,2699.0,2757.54,2435.98,133.87371386662247
2023-01-04,2685.0,2768.42,2433.705,136.29707243406807
2023-01-05,2810.0,2780.46,2433.975,136.02858049953446
2023-01-06,2828.0,2792.36,2433.995,135.71740416460273
2023-01-10,2831.0,2803.02,2434.4,133.81591833587945
2023-01-11,2792.0,2811.84,2434.31,132.3334172966457
2023-01-12,2833.0,2822.32,2433.1,131.7569558026206
2023-01-13,2925.0,2832.84,2431.725,133.21352663388106
2023-01-16,2845.0,2840.24,2430.35,133.33052870641544
2023-01-17,2798.0,2838.3,2427.94,129.71206397365205
2023-01-18,2898.0,2841.82,2425.955,119.73421235916844
2023-01-19,2777.0,2842.54,2423.09,110.30426050308611
2023-01-20,2711.0,2841.84,2421.245,105.65778634898297
2023-01-23,2716.0,2840.48,2418.675,104.73820675426168
2023-01-24,2768.0,2840.6,2416.115,102.67899425951013
2023-01-25,2703.0,2840.38,2413.505,100.38572161181068
2023-01-26,2709.0,2834.16,2410.675,98.38057115957896
2023-01-27,2738.0,2828.02,2407.465,96.21883582694171
2023-01-30,2707.0,2821.26,2403.525,92.27968481719611
2023-01-31,2799.0,2816.44,2401.12,81.97967928802886
2023-02-01,2909.0,2814.22,2400.14,86.70349129288219
2023-02-02,2890.0,2814.7,2399.415,90.43819887728814
2023-02-03,2909.0,2815.44,2399.89,93.28931638617553
2023-02-06,2904.0,2816.08,2400.225,94.88284367083533
2023-02-07,2951.0,2816.26,2400.55,95.28020382773518
2023-02-08,3075.0,2819.26,2401.575,105.92643294040204
2023-02-09,2781.0,2817.24,2401.75,101.30577930017286
2023-02-10,2733.0,2814.9,2401.825,101.05995148019092
2023-02-13,2630.0,2811.28,2401.865,101.17539680977448
2023-02-14,2610.0,2803.9,2403.02,103.60848054794756
2023-02-15,2606.0,2794.22,2404.055,107.99589711270801
2023-02-16,2663.0,2786.48,2406.27,108.84487010053167
2023-02-17,2539.0,2777.72,2408.12,118.38188740024012
2023-02-20,2544.0,2770.96,2409.45,126.01142075619573
2023-02-21,2455.0,2762.28,2410.47,138.48214956160265
2023-02-22,2401.0,2752.16,2411.425,153.3509272767125
2023-02-24,2374.0,2741.9,2411.65,167.15357382196586
2023-02-27,2339.0,2731.22,2412.64,178.1361225607988
2023-02-28,2418.0,2721.4,2414.07,184.42680696285288
2023-03-01,2405.0,2709.86,2415.06,191.19387764949886
2023-03-02,2404.0,2701.88,2415.75,193.80436871600807
2023-03-03,2511.0,2696.82,2417.92,194.9290940937631
2023-03-06,2554.0,2694.54,2419.435,195.71303470668548
2023-03-07,2523.0,2691.76,2421.025,196.91481325242725
2023-03-08,2515.0,2689.96,2423.03,197.18119620797657
2023-03-09,2592.0,2688.9,2425.275,197.06372153419096
2023-03-10,2469.0,2685.68,2427.27,199.01110695067462
2023-03-13,2440.0,2680.02,2429.13,200.94489437353334
2023-03-14,2341.0,2674.2,2430.53,206.61587436668046
2023-03-15,2232.0,2665.78,2431.955,214.46447874591362
2023-03-16,2271.0,2657.22,2433.92,213.42933095154334
2023-03-17,2333.0,2650.18,2435.925,208.7448423206695
2023-03-20,2269.0,2639.36,2437.61,203.50575692969346
2023-03-22,2395.0,2630.7,2439.125,192.0960038957686
2023-03-23,2422.0,2622.52,2440.59,173.86427524645856
2023-03-24,2367.0,2614.02,2441.025,136.41048599625805
2023-03-27,2314.0,2603.64,2442.005,126.09424043684453
2023-03-28,2246.0,2590.06,2442.56,120.37315544507746
2023-03-29,2275.0,2578.66,2443.135,118.42346090211535
2023-03-30,2316.0,2569.02,2444.58,114.91876691205276
2023-03-31,2309.0,2557.24,2445.45,110.8651661143047
2023-04-03,2394.0,2549.58,2446.225,99.84966285619112
2023-04-04,2405.0,2543.46,2447.405,96.30042193287173
2023-04-05,2335.0,2535.84,2449.105,92.59579693094503
2023-04-06,2262.0,2525.72,2450.235,94.42840138743881
2023-04-07,2273.0,2517.12,2451.55,96.36700083875334
2023-04-10,2236.0,2507.66,2452.935,99.73830700958942
2023-04-11,2207.0,2497.04,2454.345,104.06950042938587
2023-04-12,2210.0,2487.1,2455.775,107.48025747646993
2023-04-13,2203.0,2475.18,2456.87,110.89117063238119
2023-04-14,2240.0,2461.8,2458.555,112.37881851424116
2023-04-17,2243.0,2448.86,2460.315,109.64555748385003
2023-04-18,2230.0,2435.28,2460.86,103.59947743217774
2023-04-19,2245.0,2422.1,2461.625,97.9163905600713
2023-04-20,2240.0,2407.88,2462.565,91.66909505710441
2023-04-21,2311.0,2392.6,2464.3,74.69494281972163
2023-04-24,2350.0,2383.98,2466.3,68.36248887467751
2023-04-25,2323.0,2375.78,2468.225,63.063013551874626
2023-04-26,2270.0,2368.58,2469.675,62.538668498412314
2023-04-27,2268.0,2361.74,2470.785,61.710074812921405
2023-04-28,2318.0,2355.98,2471.94,61.753393504150026
2023-05-01,2683.0,2356.38,2474.88,94.05873073600878
2023-05-02,2585.0,2357.3,2476.835,106.69811856743182
2023-05-08,2657.0,2359.56,2479.395,122.89459552509975
2023-05-09,2701.0,2364.48,2482.19,139.9018703713987
2023-05-10,2665.0,2369.76,2484.85,152.36014502876267
2023-05-11,2649.0,2375.26,2487.4,162.06777708075734
2023-05-12,2689.0,2382.26,2490.275,171.69297644633355
2023-05-15,2663.0,2387.16,2492.915,178.77829331605395
2023-05-16,2644.0,2391.94,2495.29,184.49868703414305
2023-05-17,2768.0,2399.22,2498.055,195.9194679737455
2023-05-18,2827.0,2405.54,2501.185,210.21209869287338
2023-05-19,2892.0,2412.3,2505.005,226.889868975586
2023-05-22,2887.0,2419.58,2508.79,240.11469720983771
2023-05-23,2879.0,2426.86,2512.41,249.01000303055116
2023-05-24,2820.0,2431.42,2515.56,253.4285838782124
2023-05-25,2745.0,2436.94,2517.86,252.40497472206616
2023-05-26,2753.0,2443.2,2519.64,249.1894353954886
2023-05-29,2797.0,2452.32,2522.125,246.0655575670191
2023-05-30,2841.0,2464.5,2524.475,242.45080316241672
2023-05-31,2852.0,2476.12,2526.715,239.21150406750604
2023-06-01,2915.0,2487.76,2529.815,236.7414832367462
2023-06-02,2883.0,2500.04,2532.71,229.99210381264967
2023-06-05,2925.0,2510.64,2536.885,223.40685014057064
2023-06-06,2995.0,2522.1,2541.955,216.89280418174977
2023-06-07,2998.5,2534.73,2546.5775,212.26642673681468
2023-06-08,2934.0,2547.13,2550.3575,204.94744280039149
2023-06-09,2975.5,2561.72,2553.845,194.9117218394505
2023-06-12,3115.0,2578.52,2557.38,184.01030393458117
2023-06-13,3252.0,2597.24,2561.235,177.65564974165832
2023-06-14,3280.0,2616.66,2565.21,172.4827994091779
2023-06-15,3284.0,2634.46,2569.735,187.58000285567925
2023-06-16,3367.0,2653.7,2574.845,201.52349624870456
2023-06-19,3400.0,2675.0,2580.34,217.15061513899443
2023-06-20,3432.0,2698.4,2585.79,232.95625360145362
2023-06-21,3444.0,2721.82,2590.95,244.64921873971983
2023-06-22,3378.0,2744.66,2596.605,248.50453868530482
2023-06-23,3359.0,2767.7,2601.905,250.81801801503175
2023-06-26,3337.0,2790.24,2607.19,248.82714306623697
2023-06-27,3260.0,2811.38,2612.53,240.94245032348374
2023-06-28,3366.0,2833.9,2617.715,241.27314611151957
2023-06-29,3433.0,2857.7,2623.245,245.29298456321487
2023-06-30,3359.0,2880.28,2629.005,246.89073156641683
2023-07-03,3390.0,2903.18,2635.365,248.37912252404374
2023-07-04,3422.0,2926.82,2641.86,249.56861862494907
2023-07-05,3477.0,2950.14,2648.63,249.0066795024735
2023-07-06,3444.0,2972.02,2654.65,240.86012299805913
2023-07-07,3340.0,2992.36,2659.905,227.70913085760773
2023-07-10,3428.0,3015.52,2665.755,217.29274442943054
2023-07-11,3473.0,3039.62,2671.515,208.79553602060835
2023-07-12,3427.0,3061.8,2677.725,197.0021763111468
2023-07-13,3519.0,3078.52,2684.56,190.2433287608121
2023-07-14,3517.0,3097.16,2691.37,178.3247199554493
2023-07-18,3497.0,3113.96,2697.78,165.76335437977545
2023-07-19,3591.0,3131.76,2704.9,159.82570966939764
2023-07-20,3502.0,3148.5,2711.815,147.61534064305556
2023-07-21,3527.0,3166.06,2719.395,125.75348650386434
2023-07-24,3597.0,3184.22,2727.125,105.22510626541008
2023-07-25,3580.0,3202.56,2735.355,94.3832734064218
2023-07-26,3560.0,3220.88,2743.16,91.88973902450495
2023-07-27,3596.0,3237.44,2750.16,91.85811147491845
2023-07-28,3617.0,3253.24,2757.295,92.0350320611502
2023-07-31,3596.0,3267.32,2763.785,93.99190476301432
2023-08-01,3600.0,3281.58,2770.225,96.48295662758325
2023-08-02,3614.0,3296.28,2777.435,99.74726683693679
2023-08-03,3480.0,3309.48,2783.94,99.57786764235146
2023-08-04,3649.0,3327.56,2791.38,102.60828874705872
2023-08-07,3641.0,3345.32,2798.765,103.55790761667795
2023-08-08,3542.0,3360.22,2806.0,99.48097490412573
2023-08-09,3542.0,3374.24,2812.74,88.60673802283611
2023-08-10,3571.0,3388.62,2819.875,84.87562909252553
2023-08-14,3300.0,3396.32,2825.67,92.57650455413217
2023-08-15,3174.0,3402.14,2830.5,108.07160780636228
2023-08-16,3255.0,3408.74,2835.61,115.65990572866045
2023-08-17,3278.0,3414.4,2840.51,121.93791523752186
2023-08-18,3185.0,3418.13,2844.68,134.64715916544188
2023-08-21,3174.0,3422.93,2849.005,146.2204130600853
2023-08-22,3100.0,3425.42,2852.51,160.00688203608743
2023-08-23,3112.0,3425.36,2855.695,172.82734724019525
2023-08-24,3136.0,3423.04,2856.9,182.66138825345917
2023-08-25,3145.0,3420.34,2859.015,190.91799106004987
2023-08-28,3199.0,3418.64,2861.305,195.23667040626623
2023-08-29,3254.0,3416.38,2863.845,197.05604547319044
2023-08-30,3272.0,3413.82,2866.285,198.32044486294322
2023-08-31,3318.0,3411.54,2869.065,196.12078145775726
2023-09-01,3217.0,3407.0,2871.58,198.09602048853648
2023-09-04,3209.0,3403.62,2872.525,199.2587441657161
2023-09-05,3204.0,3400.52,2873.32,197.66888603371265
2023-09-06,3241.0,3398.6,2874.3,194.96055893511348
2023-09-07,3153.0,3396.46,2874.865,194.6784085580189
2023-09-08,3155.0,3392.24,2875.54,191.76248779206125
2023-09-11,3045.0,3384.48,2876.435,190.78973501886477
2023-09-12,3086.0,3379.02,2877.505,187.3043776453735
2023-09-13,3018.0,3371.58,2878.235,184.75118091811572
2023-09-14,3097.0,3365.08,2879.01,176.0059951958783
2023-09-15,3148.0,3358.5,2880.125,171.98362659322
2023-09-19,3186.0,3353.34,2881.645,154.59097310509992
2023-09-20,3146.0,3349.46,2883.125,134.53639425588588
2023-09-21,3110.0,3343.1,2884.62,120.79078521629269
2023-09-22,3180.0,3337.24,2885.625,102.20227858121255
2023-09-25,3160.0,3331.9,2885.975,72.43198156952907
2023-09-26,3120.0,3323.92,2886.325,69.11992742966255
2023-09-27,3237.0,3318.32,2887.625,70.21805118848974
2023-09-28,3213.0,3312.64,2889.28,68.89869291302401
2023-09-29,3226.0,3305.34,2890.965,66.70542551523972
2023-10-02,3208.0,3299.46,2892.47,67.0365228988242
2023-10-03,3116.0,3291.24,2893.615,67.71923952884157
2023-10-04,2929.5,3277.89,2893.8975,79.64372715994618
2023-10-05,3007.0,3266.43,2894.3875,84.07131106919608
2023-10-06,3062.0,3256.47,2894.7875,85.80226700416779
2023-10-10,3180.0,3248.15,2896.6725,85.89411585200122
2023-10-11,3240.0,3240.61,2899.0525,86.91296511921034
2023-10-12,3326.0,3235.21,2902.3425,90.57464851761165
2023-10-13,3216.0,3227.53,2905.1125,88.75230448720797
2023-10-16,3029.0,3215.83,2907.2325,86.49282243862463
2023-10-17,3116.0,3208.55,2909.5875,85.70944803710265
2023-10-18,3078.0,3197.13,2911.8275,85.69714952580318
2023-10-19,3045.0,3185.21,2913.4375,86.58399184459283
2023-10-20,3054.0,3175.45,2915.5475,85.47215215010046
2023-10-23,2969.5,3164.0,2917.13,90.17279708093746
2023-10-24,3029.0,3153.16,2918.78,91.5752689601518
2023-10-25,3097.0,3149.1,2920.84,90.6087585529314
2023-10-26,2958.5,3144.79,2921.5825,95.18029020624427
2023-10-27,2964.0,3138.97,2922.2625,97.59160889391839
2023-10-30,2938.5,3132.18,2922.8,102.74910296925412
2023-10-31,3001.0,3128.5,2923.845,104.34902750048427
2023-11-01,2997.0,3124.96,2924.665,104.9769049590418
2023-11-02,3197.0,3126.9,2926.025,106.1798192834002
2023-11-06,3294.0,3130.54,2928.27,111.92806598029777
2023-11-07,3239.0,3132.6,2930.475,113.77145370534645
2023-11-08,3232.0,3134.34,2932.145,115.64511210634805
2023-11-09,3361.0,3137.58,2935.065,124.36038656739976
2023-11-10,3307.0,3138.64,2938.045,127.27962699639907
2023-11-13,3279.0,3138.78,2940.86,129.4761061703359
2023-11-14,3153.0,3135.48,2942.785,128.1567422135069
2023-11-15,3143.0,3134.0,2944.985,127.1767979275353
2023-11-16,3147.0,3132.76,2947.175,127.28084162097926
2023-11-17,3098.0,3130.64,2948.975,122.2184131680162
2023-11-20,3112.0,3128.06,2951.0,120.20211068803897
2023-11-21,3171.0,3128.42,2952.86,119.76144991241493
2023-11-22,3004.0,3125.4,2953.335,121.6444425461573
2023-11-24,2983.5,3124.17,2953.8025,122.40491970457222
2023-11-27,2922.5,3120.9,2953.87,120.91721899978374
2023-11-28,2929.5,3119.13,2953.9975,123.10276988796855
2023-11-29,2931.0,3115.81,2953.8975,126.17554820798067
2023-11-30,2829.5,3109.44,2952.67,134.8191732760071
2023-12-01,2807.5,3101.87,2952.8025,143.8493544708379
2023-12-04,2799.5,3094.94,2953.135,152.24313302015258
2023-12-05,2695.0,3086.64,2953.46,166.56863985059482
2023-12-06,2745.0,3077.94,2954.135,175.26457832049584
2023-12-07,2649.5,3067.73,2954.3525,189.60535921077673
2023-12-08,2643.0,3058.19,2954.2525,202.02021422147746
2023-12-11,2678.5,3047.02,2954.95,211.11370050354077
2023-12-12,2649.0,3035.74,2955.475,220.99928550896115
2023-12-13,2637.0,3023.96,2956.385,230.4463559889263
2023-12-14,2617.5,3012.15,2957.4675,240.12433381422343
2023-12-15,2670.0,3003.23,2958.9475,246.43251681727642
2023-12-18,2589.5,2996.43,2960.2,251.54571806320234
2023-12-19,2582.0,2987.93,2961.02,250.96267524850487
2023-12-20,2659.5,2979.88,2962.2925,247.85869688344692
2023-12-21,2561.0,2967.5,2963.0775,247.21997336371552
2023-12-22,2536.0,2953.42,2963.2025,237.38508956376785
2023-12-25,2526.5,2937.43,2963.065,228.27924269138063
2023-12-26,2528.0,2923.67,2963.09,217.7054215557922
2023-12-27,2559.5,2914.28,2963.3125,211.38986494170646
2023-12-28,2599.5,2903.95,2963.35,202.31525984929885
2023-12-29,2612.5,2894.64,2964.0675,190.4305776001612
